Title,Key,Author,Publication Title,DOI,Read Time
DRACeo: A smart simulator to deploy energy saving methods in microservices based networks,3KHK4G9I,H. H. A. Valera; M. Dalmau; P. Roose; J. Larracoechea; C. Herzog,2020 IEEE 29th International Conference on Enabling Technologies: Infrastructure for Collaborative Enterprises (WETICE),10.1109/WETICE49692.2020.00026,30
Energy Efficient Scheduling of Cloud Application Components with Brownout,TFUU8FQ5,Xu M.; Dastjerdi A.V.; Buyya R.,IEEE Transactions on Sustainable Computing,10.1109/TSUSC.2017.2661339,60
Fifer: Tackling Resource Underutilization in the Serverless Era,H53FJ7TJ,"Gunasekaran, Jashwant Raj; Thinakaran, Prashanth; Nachiappan, Nachiappan C.; Kandemir, Mahmut Taylan; Das, Chita R.",Proceedings of the 21st International Middleware Conference,10.1145/3423211.3425683,60
Dynamic Management of Constrained Computing Resources for Serverless Services,HZKE3F59,Adeppady M.; Conte A.; Giaccone P.; Karl H.; Chiasserini C.F.,IEEE Transactions on Network and Service Management,10.1109/TNSM.2024.3497155,90
A Microservice Store for Efficient Edge Offloading,FJ9RSUBD,J. Gedeon; M. Wagner; J. Heuschkel; L. Wang; M. Muhlhauser,2019 IEEE Global Communications Conference (GLOBECOM),10.1109/GLOBECOM38437.2019.9014114,
Improved QoS at the Edge Using Serverless Computing to Deploy Virtual Network Functions,RFV4G9U5,S. R. Chaudhry; A. Palade; A. Kazmi; S. Clarke,IEEE Internet of Things Journal,10.1109/JIOT.2020.3011057,40
Joint optimization of service request routing and instance placement in the microservice system,TNY2K9L4,Yu Y.; Yang J.; Guo C.; Zheng H.; He J.,Journal of Network and Computer Applications,10.1016/j.jnca.2019.102441,60
X-MAN: A Non-Intrusive Power Manager for Energy-Adaptive Cloud-Native Network Functions,S5KUWQKE,Z. Xiang; M. H√∂weler; D. You; M. Reisslein; F. H. P. Fitzek,IEEE Transactions on Network and Service Management,10.1109/TNSM.2021.3126822,90
Energy-Delay-Aware Joint Microservice Deployment and Request Routing with DVFS in Edge: A Reinforcement Learning Approach,6BCMSNAQ,Wang L.; Liu X.; Ding H.; Hu Y.; Peng K.; Hu M.,IEEE Transactions on Computers,10.1109/TC.2025.3535826,60
Efficient Microservice Deployment in the Edge-Cloud Networks With Policy-Gradient Reinforcement Learning,8GI2SB5S,K. Afachao; A. M. Abu-Mahfouz; G. P. Hanke,IEEE Access,10.1109/ACCESS.2024.3461149,
Adaptive Security Framework for the Internet of Things: Improving Threat Detection and Energy Optimization in Distributed Environments,LYHXYJK3,W. Villegas-Ch; R. Gutierrez; I. S√°nchez-Salazar; A. Mera-Navarrete,IEEE Access,10.1109/ACCESS.2024.3486983,
Energy efficient scheduling of application components via brownout and approximate markov decision process,9LXUKLAN,Xu M.; Buyya R.,Lecture Notes in Computer Science (including subseries Lecture Notes in Artificial Intelligence and Lecture Notes in Bioinformatics),10.1007/978-3-319-69035-3_14,
SatEdge: Platform of Edge Cloud at Satellite and Scheduling Mechanism for Microservice Modules,2ZUS2B3Q,Y. Huang; X. Zhang; Z. Xu,IEEE Access,10.1109/ACCESS.2023.3330649,50
Article Containerized Microservices Orchestration and Provisioning in Cloud Computing: A Conceptual Framework and Future Perspectives,PXXYW5W8,Saboor A.; Hassan M.F.; Akbar R.; Shah S.N.M.; Hassan F.; Magsi S.A.; Siddiqui M.A.,Applied Sciences (Switzerland),10.3390/app12125793,60
Model-Driven Dependability and Power Consumption Quantification of Kubernetes-Based Cloud-Fog Continuum,7YNKN7T2,I. F√©; T. A. Nguyen; A. B. Soares; S. Son; E. Choi; D. Min; J. -W. Lee; F. A. Silva,IEEE Access,10.1109/ACCESS.2023.3340195,90
Service Level Objective Adaptive Energy Efficiency Management,BJ82Q7CX,C. Song; F. Jiang; X. Liang; N. Ahuja; M. J. Kumar,2022 IEEE 28th International Conference on Parallel and Distributed Systems (ICPADS),10.1109/ICPADS56603.2022.00082,
GreenFog: A Framework for Sustainable Fog Computing,,"['N. Toosi, Adel', 'Agarwal, Chayan', 'Mashayekhy, Lena', 'Moghaddam, Sara K.', 'Mahmud, Redowan', 'Tari, Zahir']",,10.1007/978-3-031-20984-0_38,30
SIMR: Single Instruction Multiple Request Processing for Energy-Efficient Data Center Microservices,,"['Khairy, Mahmoud', 'Alawneh, Ahmad', 'Barnes, Aaron', 'Rogers, Timothy G.']",,10.1109/MICRO56248.2022.00040,80
iBrownout: An Integrated Approach for Managing Energy and Brownout in Container-Based Clouds,J9J64WJW,M. Xu; A. N. Toosi; R. Buyya,IEEE Transactions on Sustainable Computing,10.1109/TSUSC.2018.2808493,40
Towards Greener Applications: Enabling Sustainable-aware Cloud Native Applications Design,NIM8NK35,"Vitali, Monica","Advanced Information Systems Engineering: 34th International Conference, CAiSE 2022, Leuven, Belgium, June 6‚Äì10, 2022, Proceedings",10.1007/978-3-031-07472-1_6,
"TeaStore: A Micro-Service Reference Application for Benchmarking, Modeling and Resource Management Research",BKP6RUCE,J. von Kistowski; S. Eismann; N. Schmitt; A. Bauer; J. Grohmann; S. Kounev,"2018 IEEE 26th International Symposium on Modeling, Analysis, and Simulation of Computer and Telecommunication Systems (MASCOTS)",10.1109/MASCOTS.2018.00030,70
Analyzing Energy-Efficient and Kubernetes-Based Autoscaling of Microservices Using Probabilistic Model Checking,UUGRIKTH,Agos Jawaddi S.N.; Ismail A.; Sulaiman M.S.; Cardellini V.,Journal of Grid Computing,10.1007/s10723-024-09789-9,90
Exploring Sustainable Alternatives for the Deployment of Microservices Architectures in the Cloud,ZP8PH3QV,Cortellessa V.; Di Pompeo D.; Tucci M.,"Proceedings - IEEE 21st International Conference on Software Architecture, ICSA 2024",10.1109/ICSA59870.2024.00012,50
PISCO: A smart simulator to deploy energy saving methods in microservices based networks,HQNV3Z4W,H. Humberto Alvarez Valera; M. Dalmau; P. Roose; J. Larracoechea; C. Herzog,2022 18th International Conference on Intelligent Environments (IE),10.1109/IE54923.2022.9826775,30
Kraken: Adaptive Container Provisioning for Deploying Dynamic DAGs in Serverless Platforms,QLYK292K,"Bhasi, Vivek M.; Gunasekaran, Jashwant Raj; Thinakaran, Prashanth; Mishra, Cyan Subhra; Kandemir, Mahmut Taylan; Das, Chita",Proceedings of the ACM Symposium on Cloud Computing,10.1145/3472883.3486992,70
An energy saving approach: understanding microservices as multidimensional entities in p2p networks,L53N2IJV,"Valera, Hernan Humberto Alvarez; Dalmau, Marc; Roose, Philippe; Larracoechea, Jorge; Herzog, Christina",Proceedings of the 36th Annual ACM Symposium on Applied Computing,10.1145/3412841.3441888,60
GAS: DVFS-Driven Energy Efficiency Approach for Latency-Guaranteed Edge Computing Microservices,J886PN7K,Z. Bellal; L. Lahlou; N. Kara; I. El Khayat,IEEE Transactions on Green Communications and Networking,10.1109/TGCN.2024.3420957,70
DECA: A Dynamic Energy Cost and Carbon Emission-Efficient Application Placement Method for Edge Clouds,98GMI7UV,E. Ahvar; S. Ahvar; Z. √Å. Mann; N. Crespi; R. Glitho; J. Garcia-Alfaro,IEEE Access,10.1109/ACCESS.2021.3075973,60
Enabling efficient collection and usage of network performance metrics at the edge,EAWZEK6S,Calagna A.; Ravera S.; Chiasserini C.F.,Computer Networks,10.1016/j.comnet.2025.111158,50
Enriching Cloud-native Applications with Sustainability Features,W4IXNPP9,M. Vitali; P. Schmiedmayer; V. Bootz,2023 IEEE International Conference on Cloud Engineering (IC2E),10.1109/IC2E59103.2023.00011,45
RADIANCE: A CASE Tool For Green Software Design,JV33276I,J. A. Larracoechea; S. Ilarri; P. Roose,2024 32nd International Conference on Enabling Technologies: Infrastructure for Collaborative Enterprises (WETICE),10.1109/WETICE64632.2024.00024,
"Is it Worth Migrating a Monolith to Microservices? An Experience Report on Performance, Availability and Energy Usage",WBHMUIY5,V. Berry; A. Castelltort; B. Lange; J. Teriihoania; C. Tibermacine; C. Trubiani,2024 IEEE International Conference on Web Services (ICWS),10.1109/ICWS62655.2024.00112,45
Online Power Consumption Estimation for Functions in Cloud Applications,YZVHP52N,N. Schmitt; L. Iffl√§nder; A. Bauer; S. Kounev,2019 IEEE International Conference on Autonomic Computing (ICAC),10.1109/ICAC.2019.00018,35
Towards Digital Sustainability: Involving Cloud Users as Key Players,458U89FX,A. Mokhtari; B. Jonglez; T. Ledoux,2024 IEEE International Conference on Cloud Engineering (IC2E),10.1109/IC2E61754.2024.00021,30
A Black-box Monitoring Approach to Measure Microservices Runtime Performance,FUB8E37S,"Brondolin, Rolando; Santambrogio, Marco D.",ACM Trans. Archit. Code Optim.,10.1145/3418899,
An Empirical Evaluation of the Energy and Performance Overhead of Monitoring Tools on Docker-Based Systems,4TQTNF99,"Dinga, Madalina; Malavolta, Ivano; Giamattei, Luca; Guerriero, Antonio; Pietrantuono, Roberto","Service-Oriented Computing: 21st International Conference, ICSOC 2023, Rome, Italy, November 28 ‚Äì December 1, 2023, Proceedings, Part I",10.1007/978-3-031-48421-6_13,
"Studying the end-to-end performance, energy consumption and carbon footprint of fog applications",W3CSXKTX,C. Courageux-Sudan; A. -C. Orgerie; M. Quinson,2024 IEEE Symposium on Computers and Communications (ISCC),10.1109/ISCC61673.2024.10733735,
Anomaly Detection and Root Cause Analysis of Microservices Energy Consumption,HMZ5VA2Z,M. S. Floroiu; S. Russo; L. Giamattei; A. Guerriero; I. Malavolta; R. Pietrantuono,2024 IEEE International Conference on Web Services (ICWS),10.1109/ICWS62655.2024.00079,60
Green Computing Implementation for Indonesian Higher Education Adopting Serverless Microservices Architecture,HLJP5R5J,G. H. Prathama; P. E. G. Gunawan; A. W. O. Gama,2024 10th International Conference on Smart Computing and Communication (ICSCC),10.1109/ICSCC62041.2024.10690844,
Agile C-states: A Core C-state Architecture for Latency Critical Applications Optimizing both Transition and Cold-Start Latency,,"['Antoniou, Georgia', 'Bartolini, Davide', 'Volos, Haris', 'Kleanthous, Marios', 'Wang, Zhe', 'Kalaitzidis, Kleovoulos', 'Rollet, Tom', 'Li, Ziwei', 'Mutlu, Onur', 'Sazeides, Yiannakis', 'Haj Yahya, Jawad']",,10.1145/3674734,60
A Microservice-Based Smart Agriculture System to Detect Animal Intrusion at the Edge,KVAKQH7V,Miao J.; Rajasekhar D.; Mishra S.; Nayak S.K.; Yadav R.,Future Internet,10.3390/fi16080296,
Web 3.0-Enabled Microservice Re-Scheduling for Heterogenous Resources Co-Optimization in Metaverse-Integrated Edge Networks,NU46RWM4,"Yang, Yihong; Zhou, Zhangbing; Shu, Lei; Zhou, Feng; Gaaloul, Walid; Khan, Arif Ali",,10.1145/3715700,
Microservice-Oriented Service Placement for Mobile Edge Computing in Sustainable Internet of Vehicles,6PYPRFCX,L. Wang; X. Deng; J. Gui; X. Chen; S. Wan,IEEE Transactions on Intelligent Transportation Systems,10.1109/TITS.2023.3274307,
Cloud-Edge Microservice Architecture for DNN-based Distributed Multimedia Event Processing,MWMLQDHN,Pontes F.A.; Curry E.,Communications in Computer and Information Science,10.1007/978-3-030-71906-7_6,30
SoftSKU: optimizing server architectures for microservice diversity @scale,6QFTTQGA,"Sriraman, Akshitha; Dhanotia, Abhishek; Wenisch, Thomas F.",Proceedings of the 46th International Symposium on Computer Architecture,10.1145/3307650.3322227,70
IoHT-MBA: An Internet of Healthcare Things (IoHT) Platform based on Microservice and Brokerless Architecture,WUC8FSA6,Thanh L.N.T.; Phien N.N.; Nguyen T.A.; Vo H.K.; Luong H.H.; Anh T.D.; Tuan K.N.H.; Son H.X.,International Journal of Advanced Computer Science and Applications,10.14569/IJACSA.2021.0120768,40
SmartOClock: Workload- and Risk-Aware Overclocking in the Cloud,JQ25F3GN,J. Stojkovic; P. A. Misra; √ç. Goiri; S. Whitlock; E. Choukse; M. Das; C. Bansal; J. Lee; Z. Sun; H. Qiu; R. Zimmermann; S. Samal; B. Warrier; A. Raniwala; R. Bianchini,2024 ACM/IEEE 51st Annual International Symposium on Computer Architecture (ISCA),10.1109/ISCA59077.2024.00040,80
Constraint-aware and multi-objective optimization for micro-service composition in mobile edge computing,GMA4PA98,Wu J.; Zhang J.; Zhang Y.; Wen Y.,Software - Practice and Experience,10.1002/spe.3217,80
EELAS: Energy Efficient and Latency Aware Scheduling of Cloud-Native ML Workloads,GXR3STJR,I. Syrigos; D. Kefalas; N. Makris; T. Korakis,2023 15th International Conference on COMmunication Systems & NETworkS (COMSNETS),10.1109/COMSNETS56262.2023.10041344,30
Energy consumption and workload prediction for edge nodes in the Computing Continuum,PU2EGV2V,Laso S.; Rodr√≠guez P.; Herrera J.L.; Berrocal J.; Murillo J.M.,Sustainable Computing: Informatics and Systems,10.1016/j.suscom.2025.101088,90
Energy-Aware Microservice-Based Application Deployment in UAV-Based Networks for Rural Scenarios,BZ9HVKRE,Ramos-Ramos D.; Gonz√°lez-Vegas A.; Berrocal J.; Gal√°n-Jim√©nez J.,Journal of Network and Systems Management,10.1007/s10922-024-09825-9,50
Energy-Aware Microservice-Based SaaS Deployment in a Cloud Data Center Using Hybrid Particle Swarm Optimization,DC8XMVAR,A. Alzahrani; M. Tang,IEEE Access,10.1109/ACCESS.2024.3462894,60
Energy-efficient deployment of IoT applications in remote rural areas using UAV networks,YQP3UKVX,J. Gal√°n-Jim√©nez; A. G. Vegas; J. Berrocal,2022 14th IFIP Wireless and Mobile Networking Conference (WMNC),10.23919/WMNC56391.2022.9954292,30
Joint Optimization of Throughput and Energy Consumption in Microservices-Based UAV Networks,N949CZTV,J. G√≥mez-DelaHiz; A. Fakhreddine; J. M. Murillo; J. Gal√°n-Jim√©nez,IEEE INFOCOM 2024 - IEEE Conference on Computer Communications Workshops (INFOCOM WKSHPS),10.1109/INFOCOMWKSHPS61880.2024.10620732,20
Microservice Application Scheduling in Multi-Tiered Fog-Computing-Enabled IoT,3V89MXEA,Ashraf M.; Shiraz M.; Abbasi A.; Alqahtani O.; Badshah G.; Lasisi A.,Sensors,10.3390/s23167142,35
Microservices migration: A pathway to improved energy efficiency in UAV networks,ER73XNME,Garc√≠a-Gil S.; Ramos-Ramos D.; Berrocal J.; Murillo J.M.; Gal√°n-Jim√©nez J.,Internet of Things (The Netherlands),10.1016/j.iot.2024.101463,60
Online Microservice Orchestration for IoT via Multiobjective Deep Reinforcement Learning,QHLV7TZP,Yu Y.; Liu J.; Fang J.,IEEE Internet of Things Journal,10.1109/JIOT.2022.3155598,50
SmartNICs at edge for transient compute elasticity,LXBUXM59,"Tootaghaj, Diman Zad; Mercian, Anu; Adarsh, Vivek; Sharifian, Mehrnaz; Sharma, Puneet",Proceedings of the 3rd International Workshop on Distributed Machine Learning,10.1145/3565010.3569065,40